OLD CENSUS,STATE,NEW_SHAPEFILE_NAME,New_Dashboard_Mapping,Population Matching
Adilabad,Andhra Pradesh,Adilabad;Kumuram Bheem Asifabad;Nirmal;Mancherial,Adilabad;Kumuram Bheem;Nirmal;Mancherial,Adilabad
Agra,Uttar Pradesh,Agra,Agra,Agra
Ahmadabad;Bhavnagar,Gujarat,Ahmadabad;Bhavnagar;Botad,Ahmedabad;Bhavnagar;Botad,Ahmadabad;Bhavnagar
Ahmadnagar,Maharashtra,Ahmadnagar,Ahmednagar,Ahmadnagar
Aizawl;Serchhip,Mizoram,Serchhip;Aizawl;Saitual,Serchhip;Aizawl East;Mamit,Aizawl;Serchhip
Ajmer,Rajasthan,Ajmer,Ajmer,Ajmer
Akola,Maharashtra,Akola,Akola,Akola
Alappuzha,Kerala,Alappuzha,Alappuzha,Alappuzha
Aligarh,Uttar Pradesh,Aligarh,Aligarh,Aligarh
Alirajpur,Madhya Pradesh,Alirajpur,Alirajpur,Alirajpur
Allahabad,Uttar Pradesh,Prayagraj,Prayagraj,Allahabad 
Almora,Uttarakhand,"Almora
",Almora,Almora
Alwar,Rajasthan,Alwar,Alwar,Alwar
Ambala,Haryana,Ambala,Ambala,Ambala
Ambedkar Nagar,Uttar Pradesh,Ambedkar Nagar,Ambedkar Nagar,Ambedkar Nagar
Amravati,Maharashtra,Amravati,Amravati,Amravati
Amreli,Gujarat,Amreli,Amreli,Amreli
Amritsar,Punjab,Amritsar,Amritsar,Amritsar 
Anand,Gujarat,Anand,Anand,Anand  
Anantapur,Andhra Pradesh,Anantapur,Anantapur,Anantapur
Anantnag,Jammu & Kashmir,Anantnag,Anantnag,Anantnag
Anjaw,Arunanchal Pradesh,Anjaw,Anjaw,Anjaw
Anugul,Odisha,Anugul,Angul,Anugul  
Anuppur,Madhya Pradesh,Anuppur,Anuppur,Anuppur
Araria,Bihar,Araria,Araria,Araria
Ariyalur,Tamil Nadu,Ariyalur,Ariyalur,Ariyalur  
Ashoknagar,Madhya Pradesh,Ashoknagar,Ashoknagar,Ashoknagar
Auraiya,Uttar Pradesh,Auraiya,Auraiya,Auraiya
Aurangabad;Aurangabad,Bihar,Aurangabad,Aurangabad,Aurangabad;Aurangabad
Azamgarh,Uttar Pradesh,Azamgarh,Azamgarh,Azamgarh
Badgam,Jammu & Kashmir,Badgam,Budgam,Badgam
Bagalkot,Karnataka,Bagalkote,Bagalkot,Bagalkot 
Bageshwar,Uttarakhand,Bageshwar,Bageshwar,Bageshwar
Baghpat,Uttar Pradesh,Baghpat,Baghpat,Baghpat
Bahraich,Uttar Pradesh,Bahraich,Bahraich,Bahraich
Baksa,Assam,Baksa,Baksa,Baksa
Balaghat,Madhya Pradesh,Balaghat,Balaghat,Balaghat
Balangir,Odisha,Balangir,Balangir,Balangir
Baleshwar,Odisha,Baleshwar,Balasore,Baleshwar
Ballia,Uttar Pradesh,Ballia,Ballia,Ballia
Balrampur,Uttar Pradesh,Balrampur,Balarampur,Balrampur
Banas Kantha,Gujarat,Banas Kantha,Banaskantha,Banas Kantha
Banda,Uttar Pradesh,Banda,Banda,Banda
Bandipore,Jammu & Kashmir,Bandipore,Bandipore,Bandipore
Bangalore Rural,Karnataka,Bengaluru Rural,Bangalore Rural,Bangalore Rural
Bangalore,Karnataka,Bangalore,Bangalore Urban,Bangalore
Banka,Bihar,Banka,Banka,Banka
Bankura,West Bengal,Bankura,Bankura,Bankura 
Banswara,Rajasthan,Banswara,Banswara,Banswara
Bara Banki,Uttar Pradesh,Bara Banki,Barabanki,Bara Banki
Bargarh,Odisha,Bargarh,Bargarh,Bargarh
Baramula,Jammu & Kashmir,Baramula,Baramulla,Baramula
Baran,Rajasthan,Baran,Baran,Baran
Barddhaman,West Bengal,Purba Bardhaman;Paschim Bardhaman,East Bardhaman;West Bardhaman,Barddhaman 
Bareilly,Uttar Pradesh,Bareilly,Bareilly,Bareilly
Barmer,Rajasthan,Barmer,Barmer,Barmer
Barnala,Punjab,Barnala,Barnala,Barnala
Barpeta,Assam,Barpeta,Barpeta,Barpeta
Barwani,Madhya Pradesh,Barwani,Barwani,Barwani 
Bastar,Chhattisgarh,Bastar;Kondagaon,Bastar;Kondagaon,Bastar
Basti,Uttar Pradesh,Basti,Basti,Basti
Bathinda,Punjab,Bathinda,Bathinda,Bathinda
Bauda,Odisha,Baudh,Boudh,Baudh
Begusarai,Bihar,Begusarai,Begusarai,Begusarai
Belgaum,Karnataka,Belagavi,Belgaum,Belgaum
Bellary,Karnataka,Ballari,Bellary,Bellary
Betul,Madhya Pradesh,Betul,Betul,Betul
Bhadrak,Odisha,Bhadrak,Bhadrak,Bhadrak
Bhagalpur,Bihar,Bhagalpur,Bhagalpur,Bhagalpur
Bhandara,Maharashtra,Bhandara,Bhandara,Bhandara
Bharatpur,Rajasthan,Bharatpur,Bharatpur,Bharatpur
Bharuch,Gujarat,Bharuch,Bharuch,Bharuch
Bhilwara,Rajasthan,Bhilwara,Bhilwara,Bhilwara
Bhind,Madhya Pradesh,Bhind,Bhind,Bhind
Bhiwani,Haryana,Bhiwani;Charki Dadri,Bhiwani;Charkhi Dadri,Bhiwani
Bhojpur,Bihar,Bhojpur,Bhojpur,Bhojpur
Bhopal,Madhya Pradesh,Bhopal,Bhopal,Bhopal
Bid,Maharashtra,Bid,Beed,Bid
Bidar,Karnataka,Bidar,Bidar,Bidar
Bijapur,Chhattisgarh,Bijapur,Bijapur,Bijapur
Bijapur,Karnataka,Vijayapura,Vijayapura,Bijapur
Bijnor,Uttar Pradesh,Bijnor,Bijnour,Bijnor
Bikaner,Rajasthan,Bikaner,Bikaner,Bikaner
Bilaspur,Chhattisgarh,Bilaspur;Mungeli,Bilaspur;Mungeli,Bilaspur
Bilaspur,Himachal Pradesh,Bilaspur,Bilaspur,Bilaspur
Birbhum,West Bengal,Birbhum,Birbhum,Birbhum
Bishnupur;Imphal East,Manipur,Imphal East;Imphal West;Bishnupur,Imphal East;Imphal West;Bishnupur,Bishnupur;Imphal East
Bokaro,Jharkhand,Bokaro,Bokaro,Bokaro
Bongaigaon,Assam,Bongaigaon,Bongaigaon,Bongaigaon
Budaun;Moradabad,Uttar Pradesh,Moradabad;Sambhal;Budaun,Moradabad;Sambhal;Badaun,Budaun;Moradabad
Bulandshahr,Uttar Pradesh,Bulandshahr,Bulandshahr,Bulandshahr 
Buldana,Maharashtra,Buldana,Buldhana,Buldana
Bundi,Rajasthan,Bundi,Bundi,Bundi
Burhanpur,Madhya Pradesh,Burhanpur,Burhanpur,Burhanpur
Buxar,Bihar,Buxar,Buxar,Buxar
Cachar,Assam,Cachar,Cachar,Cachar
Central;North,NCT of Delhi,Central,Central Delhi,Central;North
Chamba,Himachal Pradesh,Chamba,Chamba,Chamba
Chamoli,Uttarakhand,Chamoli,Chamoli,Chamoli
Champawat,Uttarakhand,Champawat,Champawat,Champawat
Champhai,Mizoram,Champhai;Khawzawl,Champhai;Aizawl East,Champhai
Chamrajnagar,Karnataka,Chamarajanagara,Chamarajanagar,Chamarajanagar
Chandauli,Uttar Pradesh,Chandauli,Chandauli,Chandauli
Chandel,Manipur,Chandel;Tengnoupal,Chandel;Tengnoupal,Chandel
Chandigarh,Chandigarh,Chandigarh,Chandigarh,Chandigarh
Chandrapur,Maharashtra,Chandrapur,Chandrapur,Chandrapur
Changlang,Arunanchal Pradesh,Changlang,Changlang,Changlang
Chatra,Jharkhand,Chatra,Chatra,Chatra
Chennai;Kancheepuram,Tamil Nadu,Kancheepuram;Chengalpattu;Chennai,Kanchipuram;Chengalpet;Chennai,Chennai;Kancheepuram
Chhatarpur,Madhya Pradesh,Chhatarpur,Chhatarpur,Chhatarpur
Chhindwara,Madhya Pradesh,Chhindwara,Chhindwara,Chhindwara
Chikkaballapura,Karnataka,Chikkaballapura,Chikkaballapur,Chikkaballapura
Chikmagalur,Karnataka,Chikkamagaluru,Chikamagalur,Chikmagalur
Chirang;Kokrajhar,Assam,Kokrajhar;Chirang,Kokrajhar;Chirang,Chirang;Kokrajhar
Chitradurga,Karnataka,Chitradurga,Chitradurga,Chitradurga
Chitrakoot,Uttar Pradesh,Chitrakoot,Chitrakoot,Chitrakoot
Chittaurgarh,Rajasthan,Chittaurgarh,Chittorgarh,Chittaurgarh
Chittoor,Andhra Pradesh,Chittoor,Chittoor,Chittoor
Churachandpur,Manipur,Churachandpur;Pherzawl,Churachandpur;Pherzawl,Churachandpur
Churu,Rajasthan,Churu,Churu,Churu
Coimbatore,Tamil Nadu,Coimbatore,Coimbatore,Coimbatore
Cuddalore,Tamil Nadu,Cuddalore,Cuddalore,Cuddalore
Y.s.r.,Andhra Pradesh,Y.S.R.,"YSR District, Kadapa (Cuddapah)",Y.S.R.
Cuttack,Odisha,Cuttack,Cuttack,Cuttack
Dadra & Nagar Haveli,Dadara & Nagar Havelli,Dadra & Nagar Haveli,Dadra and Nagar Haveli,Dadra & Nagar Haveli
Dakshin Bastar Dantewada,Chhattisgarh,Dakshin Bastar Dantewada;Sukma,Dantewada;Sukma,Dakshin Bastar Dantewada
Dakshin Dinajpur,West Bengal,Dakshin Dinajpur,Dakshin Dinajpur,Dakshin Dinajpur
Dakshina Kannada,Karnataka,Dakshina Kannada,Dakshina Kannada,Dakshina Kannada
Daman,Daman & Diu,Daman,Daman,Daman
Damoh,Madhya Pradesh,Damoh,Damoh,Damoh
Darbhanga,Bihar,Darbhanga,Darbhanga,Darbhanga
Darjiling,West Bengal,Darjiling;Kalimpong,Darjeeling;Kalimpong,Darjiling 
Darrang,Assam,Darrang,Darrang,Darrang
Datia,Madhya Pradesh,Datia,Datia,Datia
Davanagere,Karnataka,Davanagere,Davanagere,Davanagere
Debagarh,Odisha,Debagarh,Bargarh,Debagarh
Dehradun,Uttarakhand,Dehradun,Dehradun,Dehradun
Deoghar,Jharkhand,Deoghar,Deoghar,Deoghar
Deoria,Uttar Pradesh,Deoria,Deoria,Deoria
Dewas,Madhya Pradesh,Dewas,Dewas,Dewas
Dhalai,Tripura,Dhalai,Dhalai,Dhalai
Dhamtari,Chhattisgarh,Dhamtari,Dhamtari,Dhamtari 
Dhanbad,Jharkhand,Dhanbad,Dhanbad,Dhanbad
Dhar,Madhya Pradesh,Dhar,Dhar,Dhar
Dharmapuri,Tamil Nadu,Dharmapuri,Dharmapuri,Dharmapuri
Dharwad,Karnataka,Dharwad,Dharwad,Dharwad
Dhaulpur,Rajasthan,Dhaulpur,Dholpur,Dhaulpur
Dhemaji,Assam,Dhemaji,Dhemaji,Dhemaji
Dhenkanal,Odisha,Dhenkanal,Dhenkanal,Dhenkanal
Dhubri,Assam,Dhubri;South Salmara Mancachar,Dhubri;South Salmara Mankachar,Dhubri
Dhule,Maharashtra,Dhule,Dhule,Dhule
Dibang Valley;Lower Dibang Valley,Arunanchal Pradesh,Lower Dibang Valley;Upper Dibang Valley,Lower Dibang Valley;Lower Dibang Valley,Dibang Valley;Lower Dibang Valley
Dibrugarh,Assam,Dibrugarh,Dibrugarh,Dibrugarh
Dindigul,Tamil Nadu,Dindigul,Dindigul,Dindigul
Dindori,Madhya Pradesh,Dindori,Dindori,Dindori 
Diu,Daman & Diu,Diu,Diu,Diu
Doda,Jammu & Kashmir,Doda,Doda,Doda
Dohad,Gujarat,Dohad,Botad,Dohad  
Dumka,Jharkhand,Dumka,Dumka,Dumka
Dungarpur,Rajasthan,Dungarpur,Dungarpur,Dungarpur
Durg,Chhattisgarh,Durg;Bametara;Balod,Durg;Bemetara;Balod,Durg
Dimapur,Nagaland,Dimapur,Dimapur,Dimapur 
East;North East,NCT of Delhi,East;North East;Shahdara,East Delhi;North East Delhi;Shahdara,East;North East
East,Sikkim,East District,East Sikkim,East District
East Garo Hills;West Garo Hills,Meghalaya,West Garo Hills;South West Garo Hills;North Garo Hills;East Garo Hills,West Garo Hills;South West Garo Hills;North Garo Hills;East Garo Hills,East Garo Hills;West Garo Hills
East Godavari,Andhra Pradesh,East Godavari,East Godavari,East Godavari
East Kameng,Arunanchal Pradesh,East Kameng;Pakke Kessang,East Kameng;Pakke Kessang,East Kameng
East Khasi Hills,Meghalaya,East Khasi Hills,East Khasi Hills,East Khasi Hills
East Nimar,Madhya Pradesh,East Nimar,Khandwa,Khandwa (East Nimar)
East Siang;West Siang,Arunanchal Pradesh,Shi Yomi;Siang;West Siang;Lepa Rada;Lower Siang;East Siang,Shi Yomi;Siang;West Siang;Lepa Rada;Lower Siang;East Siang,East Siang;West Siang
Ernakulam;Idukki,Kerala,Ernakulam;Idukki,Ernakulam;Idukki,Ernakulam;Idukki 
Erode,Tamil Nadu,Erode,Erode,Erode
Etah,Uttar Pradesh,Etah,Etah,Etah
Etawah,Uttar Pradesh,Etawah,Etawah,Etawah
Faizabad,Uttar Pradesh,Faizabad,Ayodhya,Faizabad
Faridabad,Haryana,Faridabad,Faridabad,Faridabad
Faridkot,Punjab,Faridkot,Faridkot,Faridkot
Farrukhabad,Uttar Pradesh,Farrukhabad,Farrukhabad,Farrukhabad
Fatehabad,Haryana,Fatehabad,Fatehabad,Fatehabad
Fatehgarh Sahib,Punjab,Fatehgarh Sahib,Fatehgarh Sahib,Fatehgarh Sahib
Fatehpur,Uttar Pradesh,Fatehpur,Fatehpur,Fatehpur
Firozabad,Uttar Pradesh,Firozabad,Firozabad,Firozabad
Firozpur,Punjab,Firozpur;Fazilka,Ferozpur;Fazilka,Firozpur
Gadag,Karnataka,Gadag,Gadag,Gadag
Gajapati,Odisha,Gajapati,Gajapati,Gajapati
Ganderbal,Jammu & Kashmir,Ganderbal,Ganderbal,Ganderbal
Gandhinagar,Gujarat,Gandhinagar,Gandhinagar,Gandhinagar
Ganganagar,Rajasthan,Ganganagar,Sri Ganganagar,Ganganagar 
Ganjam,Odisha,Ganjam,Ganjam,Ganjam
Garhchiroli,Maharashtra,Gadchiroli,Gadchiroli,Gadchiroli
Garhwa,Jharkhand,Garhwa,Garhwa,Garhwa 
Garhwal,Uttarakhand,Garhwal,Pauri Garhwal,Garhwal
Gautam Buddha Nagar,Uttar Pradesh,Gautam Buddha Nagar,Gautam Buddha Nagar,Gautam Buddha Nagar
Gaya,Bihar,Gaya,Gaya,Gaya
Ghaziabad,Uttar Pradesh,Ghaziabad;Hapur,Ghaziabad;Hapur,Ghaziabad
Ghazipur,Uttar Pradesh,Ghazipur,Ghazipur,Ghazipur
Giridih,Jharkhand,Giridih,Giridih,Giridih
Goalpara,Assam,Goalpara,Goalpara,Goalpara
Godda,Jharkhand,Godda,Godda,Godda
Golaghat,Assam,Golaghat,Golaghat,Golaghat
Gonda,Uttar Pradesh,Gonda,Gonda,Gonda
Gondiya,Maharashtra,Gondiya,Gondia,Gondiya
Gopalganj,Bihar,Gopalganj,Gopalganj,Gopalganj
Gorakhpur,Uttar Pradesh,Gorakhpur,Gorakhpur,Gorakhpur
Gulbarga,Karnataka,Kalaburagi,Gulbarga,Gulbarga
Gumla,Jharkhand,Gumla,Gumla,Gumla
Guna,Madhya Pradesh,Guna,Guna,Guna
Guntur,Andhra Pradesh,Guntur,Guntur,Guntur
Gurdaspur,Punjab,Gurdaspur;Pathankot,Gurdaspur;Pathankot,Gurdaspur
Gurgaon,Haryana,Gurugram,Gurgaon,Gurgaon
Gwalior,Madhya Pradesh,Gwalior,Gwalior,Gwalior
Hailakandi,Assam,Hailakandi,Hailakandi,Hailakandi
Hamirpur;Hamirpur,Himachal Pradesh,Hamirpur,Hamirpur,Hamirpur;Hamirpur
Hanumangarh,Rajasthan,Hanumangarh,Hanumangarh,Hanumangarh
Haora,West Bengal,Howrah,Howrah,Haora 
Harda,Madhya Pradesh,Harda,Harda,Harda 
Hardoi,Uttar Pradesh,Hardoi,Hardoi,Hardoi
Hardwar,Uttarakhand,Hardwar,Haridwar,Hardwar
Hassan,Karnataka,Hassan,Hassan,Hassan
Mahamaya Nagar,Uttar Pradesh,Hathras,Hathras,Mahamaya Nagar
Haveri,Karnataka,Haveri,Haveri,Haveri
Hazaribagh;Kodarma,Jharkhand,Kodarma;Hazaribagh,Koderma;Hazaribagh,Hazaribagh;Kodarma
Hingoli,Maharashtra,Hingoli,Hingoli,Hingoli
Hisar,Haryana,Hisar,Hisar,Hisar
Hoshangabad,Madhya Pradesh,Hoshangabad,Hoshangabad,Hoshangabad
Hoshiarpur,Punjab,Hoshiarpur,Hoshiarpur,Hoshiarpur
Hugli,West Bengal,Hooghly,Hoogly,Hugli 
Hyderabad,Andhra Pradesh,Hyderabad,Hyderabad,Hyderabad
Imphal West,Manipur,Jiribam,Jiribam,Imphal West
Indore,Madhya Pradesh,Indore,Indore,Indore
Jabalpur,Madhya Pradesh,Jabalpur,Jabalpur,Jabalpur
Jagatsinghapur,Odisha,Jagatsinghapur,Jagatsinghpur,Jagatsinghapur 
Jaintia Hills,Meghalaya,West Jaintia Hills;East Jaintia Hills,West Jaintia Hills;East Jaintia Hills,Jaintia Hills
Jaipur,Rajasthan,Jaipur,Jaipur I,Jaipur
Jaisalmer,Rajasthan,Jaisalmer,Jaisalmer,Jaisalmer
Jajapur,Odisha,Jajapur,Jajpur,Jajapur  
Jalandhar,Punjab,Jalandhar,Jalandhar,Jalandhar
Jalaun,Uttar Pradesh,Jalaun,Jalaun,Jalaun 
Jalgaon,Maharashtra,Jalgaon,Jalgaon,Jalgaon
Jalna,Maharashtra,Jalna,Jalna,Jalna
Jalor,Rajasthan,Jalor,Jalore,Jalor
Jalpaiguri,West Bengal,Jalpaiguri;Alipurduar,Jalpaiguri;Alipurduar District,Jalpaiguri 
Jammu,Jammu & Kashmir,Jammu,Jammu,Jammu
Jamnagar,Gujarat,Jamnagar;Devbhumi Dwarka,Jamnagar;Devbhumi Dwaraka,Jamnagar
Jamtara,Jharkhand,Jamtara,Jamtara,Jamtara
Jamui,Bihar,Jamui,Jamui,Jamui
Janjgir-champa,Chhattisgarh,Janjgir - Champa,Janjgir-Champa,Janjgir - Champa
Jashpur,Chhattisgarh,Jashpur,Jashpur,Jashpur 
Jaunpur,Uttar Pradesh,Jaunpur,Jaunpur,Jaunpur
Jhabua,Madhya Pradesh,Jhabua,Jhabua,Jhabua
Jhajjar,Haryana,Jhajjar,Jhajjar,Jhajjar
Jhalawar,Rajasthan,Jhalawar,Jhalawar,Jhalawar
Jhansi,Uttar Pradesh,Jhansi,Jhansi,Jhansi
Jharsuguda,Odisha,Jharsuguda,Jharsuguda,Jharsuguda
Jhunjhunun,Rajasthan,Jhunjhunun,Jhunjhunu,Jhunjhunun
Jodhpur,Rajasthan,Jodhpur,Jodhpur,Jodhpur
Jorhat,Assam,Jorhat;Majuli,Jorhat;Majuli,Jorhat
Junagadh,Gujarat,Junagadh;Gir Somnath,Junagadh;Gir Somnath,Junagadh
Jyotiba Phule Nagar,Uttar Pradesh,Amroha,Amroha,Jyotiba Phule Nagar
Kachchh,Gujarat,Kachchh,Kutch,Kachchh
Kaimur (bhabua),Bihar,Kaimur (bhabua),Kaimur,Kaimur (Bhabua)
Kaithal,Haryana,Kaithal,Kaithal,Kaithal
Kalahandi,Odisha,Kalahandi,Kalahandi,Kalahandi
Kamrup;Kamrup Metropolitan,Assam,Kamrup;Kamrup Metropolitan,Kamrup Rural;Kamrup Metropolitan,Kamrup;Kamrup Metropolitan
Kandhamal,Odisha,Kandhamal,Kandhamal,Kandhamal
Kangra,Himachal Pradesh,Kangra,Kangra,Kangra
Uttar Bastar Kanker;Narayanpur,Chhattisgarh,Uttar Bastar Kanker;Narayanpur,Bastar;Narayanpur,Uttar Bastar Kanker;Narayanpur
Kannauj,Uttar Pradesh,Kannauj,Kannauj,Kannauj
Kanniyakumari,Tamil Nadu,Kanniyakumari,Kanyakumari,Kanniyakumari
Kannur,Kerala,Kannur,Kannur,Kannur
Kanpur Dehat,Uttar Pradesh,Kanpur Dehat,Kanpur Dehat,Kanpur Dehat
Kanpur Nagar,Uttar Pradesh,Kanpur Nagar,Kanpur Nagar,Kanpur Nagar
Kansiram Nagar,Uttar Pradesh,Kasganj,Kasganj,Kanshiram Nagar
Kapurthala,Punjab,Kapurthala,Kapurthala,Kapurthala 
Karbi Anglong,Assam,Karbi Anglong,Karbi-Anglong,Karbi Anglong
Kargil,Jammu & Kashmir,Kargil,,Kargil
Karimganj,Assam,Karimganj,Karimganj,Karimganj
Karimnagar;Khammam;Warangal,Andhra Pradesh,Jagitial;Peddapalli;Jayashankar;Karimnagar;Mulugu;Warangal Rural;Warangal Urban;Khammam;Mahabubabad;Bhadradri Kothagudem;Rajanna Sircilla,Jagtial;Peddapalli;Jayashankar Bhupalpally;Karimnagar;Mulugu;Warangal(Rural);Warangal(Urban);Khammam;Mahabubabad;Bhadradri Kothagudem;Rajanna Sircilla,Karimnagar;Khammam;Warangal
Karnal,Haryana,Karnal,Karnal,Karnal
Karur,Tamil Nadu,Karur,Karur,Karur 
Kasaragod,Kerala,Kasaragod,Kasaragod,Kasaragod
Kathua,Jammu & Kashmir,Kathua,Kathua,Kathua
Katihar,Bihar,Katihar,Katihar,Katihar
Katni,Madhya Pradesh,Katni,Katni,Katni 
Kaushambi,Uttar Pradesh,Kaushambi,Kaushambi,Kaushambi
Kendrapara,Odisha,Kendrapara,Kendrapara,Kendrapara 
Kendujhar,Odisha,Kendujhar,Kendujhar,Kendujhar
Khagaria,Bihar,Khagaria,Khagaria,Khagaria
Kheda,Gujarat,Kheda,Kheda,Kheda
Kheri,Uttar Pradesh,Kheri,Deoria,Kheri
Khordha,Odisha,Khordha,Khurda,Khordha 
Khunti,Jharkhand,Khunti,Khunti,Khunti
Kinnaur,Himachal Pradesh,Kinnaur,Kinnaur,Kinnaur
Kiphire,Nagaland,Kiphire,Kiphire,Kiphire
Kishanganj,Bihar,Kishanganj,Kishanganj,Kishanganj
Kishtwar,Jammu & Kashmir,Kishtwar,Kishtwar,Kishtwar
Koch Bihar,West Bengal,Cooch Behar,Cooch Behar,Koch Bihar 
Kodagu,Karnataka,Kodagu,Kodagu,Kodagu
Kohima;Phek;Zunheboto,Nagaland,Phek;Zunheboto;Kohima,Phek;Zunheboto;Kohima,Kohima;Phek;Zunheboto
Kolar,Karnataka,Kolar,Kolar,Kolar
Kolasib,Mizoram,Kolasib,Kolasib,Kolasib
Kolhapur,Maharashtra,Kolhapur,Kolhapur,Kolhapur
Kolkata,West Bengal,Kolkata,Kolkata,Kolkata
Kollam,Kerala,Kollam,Kollam,Kollam
Koppal,Karnataka,Koppal,Koppal,Koppal
Koraput,Odisha,Koraput,Koraput,Koraput
Korba,Chhattisgarh,Korba,Korba,Korba 
Koriya,Chhattisgarh,Koriya,Koriya,Koriya
Kota,Rajasthan,Kota,Kota,Kota
Kottayam,Kerala,Kottayam,Kottayam,Kottayam
Kozhikode,Kerala,Kozhikode,Kozhikode,Kozhikode
Krishna,Andhra Pradesh,Krishna,Krishna,Krishna
Krishnagiri,Tamil Nadu,Krishnagiri,Krishnagiri,Krishnagiri
Kulgam,Jammu & Kashmir,Kulgam,Kulgam,Kulgam
Kullu,Himachal Pradesh,Kullu,Kullu,Kullu
Kupwara,Jammu & Kashmir,Kupwara,Kupwara,Kupwara
Kurnool,Andhra Pradesh,Kurnool,Kurnool,Kurnool
Kurukshetra,Haryana,Kurukshetra,Kurukshetra,Kurukshetra
Kurung Kumey,Arunanchal Pradesh,Kurung Kumey;Kra Daadi,Kurung Kumey;Kra Daadi,Kurung Kumey
Kushinagar,Uttar Pradesh,Kushinagar,Kushinagar,Kushinagar
Lahul & Spiti,Himachal Pradesh,Lahul & Spiti,Lahaul Spiti,Lahul & Spiti
Lakhimpur,Assam,Lakhimpur,Lakhimpur,Lakhimpur
Lakhisarai,Bihar,Lakhisarai,Lakhisarai,Lakhisarai
Lalitpur,Uttar Pradesh,Lalitpur,Lalitpur,Lalitpur
Latehar,Jharkhand,Latehar,Latehar,Latehar
Latur,Maharashtra,Latur,Latur,Latur
Lawangtlai;Saiha,Mizoram,Lawngtlai;Saiha,Lawngtlai;Siaha,Lawngtlai;Saiha
Leh (ladakh),Jammu & Kashmir,Leh,,Leh(Ladakh)
Lohardaga,Jharkhand,Lohardaga,Lohardaga,Lohardaga
Lohit,Arunanchal Pradesh,Lohit;Namsai,Lohit;Namsai,Lohit
Longleng,Nagaland,Longleng,Longleng,Longleng
Lower Subansiri,Arunanchal Pradesh,Kamle;Lower Subansiri,Kamle;Lower Subansiri,Lower Subansiri
Lucknow,Uttar Pradesh,Lucknow,Lucknow,Lucknow
Ludhiana,Punjab,Ludhiana,Ludhiana,Ludhiana
Lunglei,Mizoram,Lunglei;Hnahthial,Lunglei;Lunglei,Lunglei
Madhepura,Bihar,Madhepura,Madhepura,Madhepura
Madhubani,Bihar,Madhubani,Madhubani,Madhubani
Madurai,Tamil Nadu,Madurai,Madurai,Madurai
Maharajganj,Uttar Pradesh,Mahrajganj,Maharajganj,Mahrajganj
Mahasamund,Chhattisgarh,Mahasamund,Mahasamund,Mahasamund
Mahbubnagar;Rangareddy,Andhra Pradesh,Jogulamba Gadwal;Wanaparthy;Nagarkurnool;Ranga Reddy;Narayanpet;Mahabubnagar;Nagarkurnool;Medchal Malkajgiri,Jogulamba Gadwal;Wanaparthy;Nagarkurnool;Rangareddy;Narayanpet;Mahabubnagar;Nagarkurnool;Medchal,Mahbubnagar;Rangareddy
Mahe,Puducherry,Mahe,Mahe,Mahe
Mahendragarh,Haryana,Mahendragarh,Mahendragarh,Mahendragarh
Mahesana,Gujarat,Mahesana,Mehsana,Mahesana
Mahoba,Uttar Pradesh,Mahoba,Mahoba,Mahoba
Mainpuri,Uttar Pradesh,Mainpuri,Mainpuri,Mainpuri
Malappuram,Kerala,Malappuram,Malappuram,Malappuram
Maldah,West Bengal,Maldah,Malda,Maldah 
Malkangiri,Odisha,Malkangiri,Malkangiri,Malkangiri  
Mamit,Mizoram,Mamit,Mamit,Mamit
Mandi,Himachal Pradesh,Mandi,Mandi,Mandi
Mandla,Madhya Pradesh,Mandla,Mandla,Mandla
Mandsaur,Madhya Pradesh,Mandsaur,Mandsaur,Mandsaur
Mandya,Karnataka,Mandya,Mandya,Mandya
Mansa,Punjab,Mansa,Mansa,Mansa
Marigaon,Assam,Morigaon,Morigaon,Morigaon
Mathura,Uttar Pradesh,Mathura,Mathura,Mathura
Mau,Uttar Pradesh,Mau,Mau,Mau
Mayurbhanj,Odisha,Mayurbhanj,Mayurbhanj,Mayurbhanj
Medak,Andhra Pradesh,Medak;Sangareddy;Sangareddy,Medak;Sangareddy;Sangareddy,Medak
Meerut,Uttar Pradesh,Meerut,Meerut,Meerut
Mewat;Rewari,Haryana,Rewari,Rewari,Mewat ;Rewari
Mirzapur,Uttar Pradesh,Mirzapur,Mirzapur,Mirzapur
Moga,Punjab,Moga,Moga,Moga
Mokokchung,Nagaland,Mokokchung,Mokokchung,Mokokchung
Mon;Tuensang,Nagaland,Mon;Tuensang,Mon;Tuensang,Mon;Tuensang
Morena,Madhya Pradesh,Morena,Morena,Morena
Muktsar,Punjab,Sri Muktsar Sahib,Sri Muktsar Sahib,Muktsar
Mumbai,Maharashtra,Mumbai,Mumbai,Mumbai
Mumbai Suburban,Maharashtra,Mumbai Suburban,Mumbai,Mumbai Suburban
Munger,Bihar,Munger,Munger,Munger
Murshidabad,West Bengal,Murshidabad,Murshidabad,Murshidabad 
Muzaffarnagar,Uttar Pradesh,Muzaffarnagar;Shamli,Muzaffarnagar;Shamli,Muzaffarnagar
Muzaffarpur,Bihar,Muzaffarpur,Muzaffarpur,Muzaffarpur
Mysore,Karnataka,Mysuru,Mysore,Mysore
Nabarangapur,Odisha,Nabarangapur,Nabarangpur,Nabarangapur 
Nadia,West Bengal,Nadia,Nadia,Nadia 
Nagaon,Assam,Nagaon;Hojai,Nagaon;Hojai,Nagaon
Nagaur,Rajasthan,Nagaur,Nagaur,Nagaur
Nagpur,Maharashtra,Nagpur,Nagpur,Nagpur
Nainital,Uttarakhand,Nainital,Nainital,Nainital
Nalanda,Bihar,Nalanda,Nalanda,Nalanda
Nalbari,Assam,Nalbari,Nalbari,Nalbari
Nalgonda,Andhra Pradesh,Nalgonda;Yadadri Bhuvanagiri;Suryapet,Nalgonda;Yadadri Bhuvanagiri;Suryapet,Nalgonda
Namakkal,Tamil Nadu,Namakkal,Namakkal,Namakkal   
Nanded,Maharashtra,Nanded,Nanded,Nanded
Nandurbar,Maharashtra,Nandurbar,Nandurbar,Nandurbar
Narmada,Gujarat,Narmada,Narmada,Narmada
Narsimhapur,Madhya Pradesh,Narsimhapur,Narsinghpur,Narsimhapur
Nashik,Maharashtra,Nashik,Nashik,Nashik
Navsari,Gujarat,Navsari,Navsari,Navsari  
Nawada,Bihar,Nawada,Nawada,Nawada
Nayagarh,Odisha,Nayagarh,Nayagarh,Nayagarh  
Neemuch,Madhya Pradesh,Neemuch,Neemuch,Neemuch 
Sri Potti Sriramulu Nellore,Andhra Pradesh,Sri Potti Sriramulu Nell*,Sri Potti Sriramulu Nellore,Sri Potti Sriramulu Nellore
New Delhi;South;South West,NCT of Delhi,South West;New Delhi;South;South East,South West Delhi;New Delhi;South Delhi;South East Delhi,New Delhi;South;South West
Nizamabad,Andhra Pradesh,Nizamabad;Kamareddy,Nizamabad;Kamareddy,Nizamabad
North,Sikkim,North  District,North Sikkim,North  District
North 24 Parganas,West Bengal,North Twenty Four Pargan*,North 24 Parganas,North Twenty Four Parganas
Dima Hasao,Assam,Dima Hasao,Dima Hasao,Dima Hasao
North Goa;South Goa,Goa,North Goa;South Goa,North Goa;South Goa,North Goa;South Goa
North Tripura,Tripura,North Tripura;Sipahijala;Khowai,North Tripura;Sepahijala;Khowai,North Tripura
North West,NCT of Delhi,North;North West,North Delhi;North West Delhi,North West
Nuapada,Odisha,Nuapada,Nuapada,Nuapada
Osmanabad,Maharashtra,Osmanabad,Osmanabad,Osmanabad
Pakur,Jharkhand,Pakur,Pakur,Pakur
Palakkad,Kerala,Palakkad,Palakkad,Palakkad
Palamu,Jharkhand,Palamu,Palamu,Palamu
Pali,Rajasthan,Pali,Pali,Pali
Palwal,Haryana,Palwal,Palwal,Palwal 
Panch Mahals,Gujarat,Panch Mahals;Mahisagar,Panchmahal;Mahisagar,Panch Mahals
Panchkula,Haryana,Panchkula,Panchkula,Panchkula
Panipat,Haryana,Panipat,Panipat,Panipat
Panna,Madhya Pradesh,Panna,Panna,Panna
Papum Pare,Arunanchal Pradesh,Papum Pare,Papum Pare,Papum Pare
Parbhani,Maharashtra,Parbhani,Parbhani,Parbhani
Pashchim Champaran,Bihar,Pashchim Champaran,West Champaran,Pashchim Champaran
Pashchim Medinipur,West Bengal,Medinipur West;Jhargram,Purba Medinipore;Jhargram,Paschim Medinipur
Pashchimi Singhbhum,Jharkhand,Pashchimi Singhbhum,West Singhbhum,Pashchimi Singhbhum
Patan,Gujarat,Patan,Patan,Patan  
Pathanamthitta,Kerala,Pathanamthitta,Pathanamthitta,Pathanamthitta
Patiala,Punjab,Patiala,Patiala,Patiala
Patna,Bihar,Patna,Patna,Patna
Perambalur,Tamil Nadu,Perambalur,Perambalur,Perambalur  
Peren,Nagaland,Peren,Peren,Peren
Pilibhit,Uttar Pradesh,Pilibhit,Pilibhit,Pilibhit
Pithoragarh,Uttarakhand,Pithoragarh,Pithoragarh,Pithoragarh
Porbandar,Gujarat,Porbandar,Porbandar,Porbandar 
Prakasam,Andhra Pradesh,Prakasam,Prakasam,Prakasam
Pratapgarh;Pratapgarh,Rajasthan,Pratapgarh,Pratapgarh,Pratapgarh;Pratapgarh
Pudukkottai,Tamil Nadu,Pudukkottai,Pudukkottai,Pudukkottai
Pulwama,Jammu & Kashmir,Pulwama,Pulwama,Pulwama
Punch,Jammu & Kashmir,Punch,Poonch,Punch
Pune,Maharashtra,Pune,Pune,Pune
Purba Champaran,Bihar,Purba Champaran,East Champaran,Purba Champaran
Purba Medinipur,West Bengal,Purba Medinipur,Purba Medinipore,Purba Medinipur
Purbi Singhbhum,Jharkhand,Purbi Singhbhum,East Singhbhum,Purbi Singhbhum
Puri,Odisha,Puri,Puri,Puri
Purnia,Bihar,Purnia,Purnia,Purnia
Puruliya,West Bengal,Puruliya,Purulia,Puruliya
Rae Bareli;Sultanpur,Uttar Pradesh,Rae Bareli;Sultanpur;Amethi,Raebareli;Sultanpur;Amethi,Rae Bareli;Sultanpur
Raichur,Karnataka,Raichur,Raichur,Raichur
Raigarh;Raigarh,Chhattisgarh,Raigarh,Raigarh,Raigarh;Raigarh
Raipur,Chhattisgarh,Raipur;Baloda Bazar;Gariaband,Raipur;Baloda bazar;Gariaband,Raipur
Raisen,Madhya Pradesh,Raisen,Raisen,Raisen
Rajouri,Jammu & Kashmir,Rajouri,Rajouri,Rajouri
Rajgarh,Madhya Pradesh,Rajgarh,Rajgarh,Rajgarh
Rajkot;Surendranagar,Gujarat,Surendranagar;Morbi;Rajkot,Surendranagar;Morbi;Rajkot,Rajkot;Surendranagar
Rajnandgaon,Chhattisgarh,Rajnandgaon,Rajnandgaon,Rajnandgaon
Rajsamand,Rajasthan,Rajsamand,Rajsamand,Rajsamand
Ramanagara,Karnataka,Ramanagara,Ramanagara,Ramanagara
Ramanathapuram,Tamil Nadu,Ramanathapuram,Ramanathapuram,Ramanathapuram
Ramban,Jammu & Kashmir,Ramban,Ramban,Ramban
Ramgarh,Jharkhand,Ramgarh,Ramgarh,Ramgarh
Rampur,Uttar Pradesh,Rampur,Rampur,Rampur
Ranchi,Jharkhand,Ranchi,Ranchi,Ranchi
Ratlam,Madhya Pradesh,Ratlam,Ratlam,Ratlam
Ratnagiri,Maharashtra,Ratnagiri,Ratnagiri,Ratnagiri
Rayagada,Odisha,Rayagada,Rayagada,Rayagada  
Reasi,Jammu & Kashmir,Reasi,Reasi,Reasi
Rewa,Madhya Pradesh,Rewa,Rewa,Rewa
Ri Bhoi,Meghalaya,Ribhoi,Ri-Bhoi,Ribhoi
Rohtak,Haryana,Rohtak,Rohtak,Rohtak
Rohtas,Bihar,Rohtas,Rohtas,Rohtas
Rudraprayag,Uttarakhand,Rudraprayag,Rudraprayag,Rudraprayag
Rupnagar,Punjab,Rupnagar,Rup Nagar,Rupnagar
Sabar Kantha,Gujarat,Sabar Kantha;Aravalli,Sabarkantha;Aravalli,Sabar Kantha
Sagar,Madhya Pradesh,Sagar,Sagar,Sagar
Saharanpur,Uttar Pradesh,Saharanpur,Saharanpur,Saharanpur
Saharsa,Bihar,Saharsa,Saharsa,Saharsa
Sahibganj,Jharkhand,Sahibganj,Sahebganj,Sahibganj
Sahibzada Ajit Singh Nagar,Punjab,Sahibzada Ajit Singh Nag*,SAS Nagar,Sahibzada Ajit Singh Nagar
Salem,Tamil Nadu,Salem,Salem,Salem
Samastipur,Bihar,Samastipur,Samastipur,Samastipur
Samba,Jammu & Kashmir,Samba,Samba,Samba
Sambalpur,Odisha,Sambalpur,Sambalpur,Sambalpur
Sangli,Maharashtra,Sangli,Sangli,Sangli
Sangrur,Punjab,Sangrur,Sangrur,Sangrur
Sant Kabir Nagar;Sant Ravi Das Nagar(bhadohi),Uttar Pradesh,Sant Kabir Nagar,Sant Kabir Nagar,Sant Kabir Nagar;Sant Ravidas Nagar (Bhadohi)
Saraikela-kharsawan,Jharkhand,Saraikela-kharsawan,Seraikela Kharsawan,Saraikela-Kharsawan
Saran (chhapra),Bihar,Saran,Saran,Saharsa
Satara,Maharashtra,Satara,Satara,Satara
Satna,Madhya Pradesh,Satna,Satna,Satna
Sehore,Madhya Pradesh,Sehore,Sehore,Sehore
Senapati,Manipur,Senapati;Kangpokpi,Senapati;Kangpokpi,Senapati
Seoni,Madhya Pradesh,Seoni,Seoni,Seoni
Shahdol,Madhya Pradesh,Shahdol,Shahdol,Shahdol
Shahid Bhagat Singh Nagar,Punjab,Shahid Bhagat Singh Nagar,SBS Nagar,Shahid Bhagat Singh Nagar 
Shahjahanpur,Uttar Pradesh,Shahjahanpur,Shahjahanpur,Shahjahanpur
Shajapur,Madhya Pradesh,Shajapur;Agar Malwa,Shajapur;Agar,Shajapur
Sheikhpura,Bihar,Sheikhpura,Sheikhpura,Sheikhpura
Sheohar,Bihar,Sheohar,Sheohar,Sheohar
Sheopur,Madhya Pradesh,Sheopur,Sheopur,Sheopur 
Shimla,Himachal Pradesh,Shimla,Shimla,Shimla
Shimoga,Karnataka,Shivamogga,Shimoga,Shimoga
Shivpuri,Madhya Pradesh,Shivpuri,Shivpuri,Shivpuri
Shrawasti,Uttar Pradesh,Shrawasti,Shravasti,Shrawasti
Shupiyan,Jammu & Kashmir,Shupiyan,Shopian,Shupiyan
Sivasagar,Assam,Sivasagar;Charaideo,Sivasagar;Charaideo,Sivasagar
Siddharth Nagar,Uttar Pradesh,Siddharthnagar,Siddharthnagar,Siddharthnagar
Sidhi,Madhya Pradesh,Sidhi,Sidhi,Sidhi
Sikar,Rajasthan,Sikar,Sikar,Sikar
Simdega,Jharkhand,Simdega,Simdega,Simdega
Sindhudurg,Maharashtra,Sindhudurg,Sindhudurg,Sindhudurg
Singrauli,Madhya Pradesh,Singrauli,Singrauli,Singrauli
Sirmaur,Himachal Pradesh,Sirmaur,Sirmaur,Sirmaur
Sirohi,Rajasthan,Sirohi,Sirohi,Sirohi
Sirsa,Haryana,Sirsa,Sirsa,Sirsa
Sitamarhi,Bihar,Sitamarhi,Sitamarhi,Sitamarhi
Sitapur,Uttar Pradesh,Sitapur,Sitapur,Sitapur
Sivaganga,Tamil Nadu,Sivaganga,Sivaganga,Sivaganga
Siwan,Bihar,Siwan,Siwan,Siwan
Solan,Himachal Pradesh,Solan,Solan,Solan
Solapur,Maharashtra,Solapur,Solapur,Solapur
Subarnapur,Odisha,Subarnapur,Subarnapur,Subarnapur
Sonbhadra,Uttar Pradesh,Sonbhadra,Sonbhadra,Sonbhadra
Sonipat,Haryana,Sonipat,Sonipat,Sonipat
Sonitpur,Assam,Sonitpur;Biswanath,Sonitpur;Biswanath,Sonitpur
South,Sikkim,South District,South Sikkim,South District
South 24 Parganas,West Bengal,South Twenty Four Pargan*,South 24 Parganas,South Twenty Four Parganas
South Garo Hills,Meghalaya,South Garo Hills,South Garo Hills,South Garo Hills
South Tripura,Tripura,South Tripura;Gomati,South Tripura;Gomati,South Tripura 
Srikakulam,Andhra Pradesh,Srikakulam,Srikakulam,Srikakulam
Srinagar,Jammu & Kashmir,Srinagar,Srinagar,Srinagar
Sundargarh,Odisha,Sundargarh,Sundargarh,Sundargarh
Supaul,Bihar,Supaul,Supaul,Supaul
Surat,Gujarat,Surat,Surat,Surat
Surguja,Chhattisgarh,Surguja;Surajpur;Balrampur,Surguja;Surajpur;Balrampur,Surguja
Tamenglong,Manipur,Tamenglong;Noney,Tamenglong;Noney,Tamenglong 
Tarn Taran,Punjab,Tarn Taran,Tarn Taran,Tarn Taran
Tawang,Arunanchal Pradesh,Tawang,Tawang,Tawang
Tehri Garhwal,Uttarakhand,Tehri Garhwal,Tehri Garhwal,Tehri Garhwal
Thane,Maharashtra,Thane;Palghar,Thane;Palghar,Thane
Thanjavur,Tamil Nadu,Thanjavur,Thanjavur,Thanjavur
The Dangs,Gujarat,The Dangs,Dang,The Dangs
The Nilgiris,Tamil Nadu,The Nilgiris,Nilgiris,The Nilgiris
Theni,Tamil Nadu,Theni,Theni,Theni  
Thiruvallur,Tamil Nadu,Thiruvallur,Tiruvallur,Thiruvallur
Thiruvananthapuram,Kerala,Thiruvananthapuram,Thiruvananthapuram,Thiruvananthapuram
Thiruvarur,Tamil Nadu,Thiruvarur,Tiruvarur,Thiruvarur
Thoothukkudi,Tamil Nadu,Thoothukkudi,Thoothukudi (Tuticorin),Thoothukkudi
Thoubal,Manipur,Thoubal;Kakching,Thoubal;Kakching,Thoubal
Thrissur,Kerala,Thrissur,Thrissur,Thrissur
Tikamgarh,Madhya Pradesh,Tikamgarh;Niwari,Tikamgarh;Tikamgarh,Tikamgarh
Tinsukia,Assam,Tinsukia,Tinsukia,Tinsukia
Tirap,Arunanchal Pradesh,Tirap;Longding,Tirap;Longding,Tirap
Tiruchirappalli,Tamil Nadu,Tiruchirappalli,Tiruchirappalli,Tiruchirappalli
Tirunelveli,Tamil Nadu,Tirunelveli;Tenkasi,Tirunelveli;Tenkasi,Tirunelveli 
Tiruppur,Tamil Nadu,Tiruppur,Tiruppur,Tiruppur
Tiruvannamalai,Tamil Nadu,Tiruvannamalai,Tiruvannamalai,Tiruvannamalai
Tonk,Rajasthan,Tonk,Tonk,Tonk
Tumkur,Karnataka,Tumakuru,Tumkur,Tumkur
Udaipur,Rajasthan,Udaipur,Udaipur,Udaipur
Udalguri,Assam,Udalguri,Udalguri,Udalguri
Udhampur,Jammu & Kashmir,Udhampur,Udhampur,Udhampur
Udham Singh Nagar,Uttarakhand,Udham Singh Nagar,Udham Singh Nagar,Udham Singh Nagar
Udupi,Karnataka,Udupi,Udupi,Udupi
Ujjain,Madhya Pradesh,Ujjain,Ujjain,Ujjain
Ukhrul,Manipur,Ukhrul;Kamjong,Ukhrul;Kamjong,Ukhrul
Umaria,Madhya Pradesh,Umaria,Umaria,Umaria
Una,Himachal Pradesh,Una,Una,Una
Unnao,Uttar Pradesh,Unnao,Unnao,Unnao
Upper Siang,Arunanchal Pradesh,Upper Siang,Upper Siang,Upper Siang
Upper Subansiri,Arunanchal Pradesh,Upper Subansiri,Upper Subansiri,Upper Subansiri
Uttar Dinajpur,West Bengal,Uttar Dinajpur,Uttar Dinajpur,Uttar Dinajpur
Uttara Kannada,Karnataka,Uttara Kannada,Uttar Kannada,Uttara Kannada
Uttarkashi,Uttarakhand,Uttarkashi,Uttarkashi,Uttarkashi
Vadodara,Gujarat,Vadodara;Chota Udaipur,Vadodara;Chhotaudepur,Vadodara
Vaishali,Bihar,Vaishali,Vaishali,Vaishali
Valsad,Gujarat,Valsad,Valsad,Valsad
Varanasi,Uttar Pradesh,Varanasi,Varanasi,Varanasi
Vellore,Tamil Nadu,Vellore;Ranipet;Tirupathur,Vellore;Ranipet;Tirupattur,Vellore
Vidisha,Madhya Pradesh,Vidisha,Vidisha,Vidisha
Viluppuram,Tamil Nadu,Viluppuram,Viluppuram,Viluppuram
Virudunagar,Tamil Nadu,Virudhunagar,Virudhunagar,Virudhunagar
Visakhapatnam,Andhra Pradesh,Visakhapatnam,Visakhapatnam,Visakhapatnam
Vizianagaram,Andhra Pradesh,Vizianagaram,Vizianagaram,Vizianagaram
Wardha,Maharashtra,Wardha,Wardha,Wardha
Washim,Maharashtra,Washim,Washim,Washim
Wayanad,Kerala,Wayanad,Wayanad,Wayanad
West,NCT of Delhi,West,West Delhi,West
West,Sikkim,West District,West Sikkim,West District
West Godavari,Andhra Pradesh,West Godavari,West Godavari,West Godavari
West Kameng,Arunanchal Pradesh,West Kameng,West Kameng,West Kameng
West Khasi Hills,Meghalaya,West Khasi Hills;South West Khasi Hills,West Khasi Hills;South West Khasi Hills,West Khasi Hills
West Nimar,Madhya Pradesh,West Nimar,Khargone,Khargone (West Nimar)
West Tripura,Tripura,West Tripura;Kallakurichi,West Tripura;Kallakurichi,West Tripura 
Wokha,Nagaland,Wokha,Wokha,Wokha
Yadgir,Karnataka,Yadgir,Yadgir,Yadgir
Yavatmal,Maharashtra,Yavatmal,Yavatmal,Yavatmal
Kabeerdham,Chhattisgarh,Kabeerdham,Kawardha,Kabeerdham
Yamunanagar,Haryana,Yamunanagar,Yamunanagar,Yamunanagar
Jind,Haryana,Jind,Jind,Jind
Dausa,Rajasthan,Dausa,Dausa,Dausa
Karauli,Rajasthan,Karauli,Karauli,Karauli
Sawai Madhopur,Rajasthan,Sawai Madhopur,Sawai Madhopur,Sawai Madhopur
Arwal,Bihar,Arwal,Arwal,Arwal
Jehanabad,Bihar,Jehanabad,Jehanabad,Jehanabad 
Nagappattinam,Tamil Nadu,Nagapattinam,Nagapattinam,Nagapattinam  
Karaikal,Puducherry,Karaikal,Karaikal,Karaikal
Puducherry,Puducherry,Puducherry,Puducherry,Puducherry
Yanam,Puducherry,Yanam,Yanam,Yanam
Tapi,Gujarat,Tapi,Tapi,Tapi
Nicobar,Andaman & Nicobar Island,Nicobars,Nicobar,Nicobars
South Andaman,Andaman & Nicobar Island,South Andaman,South Andaman,South Andaman
North & Middle Andaman,Andaman & Nicobar Island,North  & Middle Andaman,North and Middle Andaman,North  & Middle Andaman
Lakshadweep,Lakshadweep,Lakshadweep,Lakshadweep,Lakshadweep
